3.876540696752835830e-02,3.950957997607300320e-02,3.878042391164697456e-02,3.719363348311344880e-02,4.640402587586326538e-02,7.118865786896214076e-02,2.033244177179918122e-01,2.444875300964588494e-01,1.115241697715589064e-01,6.534039240943531612e-02,5.179510881444563536e-02,5.168665310692231035e-02
4.375593368874607786e-02,4.563463083327247427e-02,4.738004819981012083e-02,4.464872562623237867e-02,5.337398670853720634e-02,7.001570145329730210e-02,1.807365077046666213e-01,2.462900752209157829e-01,9.270064996713649197e-02,6.964689987584897490e-02,5.827612648798656536e-02,4.754071423354998965e-02
3.676199912614779020e-02,4.011291271454964225e-02,4.306990473634778049e-02,4.143057175393147218e-02,4.973388791985330210e-02,7.634681611603656715e-02,1.978552776889017373e-01,2.519463853825855693e-01,9.650906363639491503e-02,6.152917255828835308e-02,4.980269518039543569e-02,5.490131318656744919e-02
3.750627040872813595e-02,3.645106484183534973e-02,3.555304663270508758e-02,3.321847265828425239e-02,4.562123860904223477e-02,4.343018352649153507e-02,1.915662831750752915e-01,2.975488340115170494e-01,1.425990041155750787e-01,5.947149509780470800e-02,4.173256006265625012e-02,3.530154686028504074e-02
3.980003016786260589e-02,4.365328898265739832e-02,4.407838159211874274e-02,4.061691320079063167e-02,5.389860855631106035e-02,8.286955141955465454e-02,1.896677029523367308e-01,1.967375611437929550e-01,1.186380581299451287e-01,7.453421016030105373e-02,6.281771754653001083e-02,5.268797614779902050e-02
3.024279381438404329e-02,2.785932803990801704e-02,3.460773312780029282e-02,3.382907100227426633e-02,4.463854725703605281e-02,6.889577164308786916e-02,2.204341832673105961e-01,2.748297467923709880e-01,1.117000314946672707e-01,6.392626132977131947e-02,4.408936888801667786e-02,4.494716334337258562e-02
4.373766122151571262e-02,4.774419623302671861e-02,4.673529674308146004e-02,4.433137573617485644e-02,5.299213432064320273e-02,8.922532711386239879e-02,1.645004390581113751e-01,2.177665954624433964e-01,1.054673633470551986e-01,7.079111421115892588e-02,6.231096109094003827e-02,5.439753546198670270e-02
3.203663103763097070e-02,4.148008521156939382e-02,3.742911974958232357e-02,3.650526982628515826e-02,4.879480283955754671e-02,7.149822061846705656e-02,1.777036972629199296e-01,2.522187925048599011e-01,1.174376284850103397e-01,7.391730999745359243e-02,5.428976902199228460e-02,5.668867344467148212e-02
2.966804309087091654e-02,2.939751382256510295e-02,3.047963089578835730e-02,2.886991445353087951e-02,3.858608752765858851e-02,4.689981534022083509e-02,1.325337690514516997e-01,3.062391317221812570e-01,1.932911433293673653e-01,6.949641178592386170e-02,5.130500088830505789e-02,4.323353809213607846e-02
3.678922808073178258e-02,4.286075495611985781e-02,4.200139545899719135e-02,4.040909992894681224e-02,4.842178708368272827e-02,5.664091255336990705e-02,1.870059082965798425e-01,2.812634024875017014e-01,1.085433456449517026e-01,6.420071565282516046e-02,4.890187618822053328e-02,4.296157366807279443e-02
4.473783448297534437e-02,4.516993227849095544e-02,4.684529327655830022e-02,4.550382602957120382e-02,5.145106296057697093e-02,1.153720754835567130e-01,2.314256870354948759e-01,1.522378737645931346e-01,8.561625001964080772e-02,6.773132944707194181e-02,6.173106233207108218e-02,5.217777288939867697e-02
2.969972023285779444e-02,2.853924503733406767e-02,3.323699028306333070e-02,3.311031869481954187e-02,3.554840625349028199e-02,3.941529484514738613e-02,2.037750857416825712e-01,3.129346674257881822e-01,1.348657417370624778e-01,6.192197574988218128e-02,4.633456009545317000e-02,4.061799390341904598e-02
3.552732832179046618e-02,3.299775715890172073e-02,2.995479184870625949e-02,2.746715354111629870e-02,3.042625314071419756e-02,3.789030138389755387e-02,1.805878079656558499e-01,3.311369583720079057e-01,1.417273843078188933e-01,6.490072679838115866e-02,4.896170850318973256e-02,3.842182865781997025e-02
4.194671042722033366e-02,4.329916521987300232e-02,4.139970350639363833e-02,4.084318342172647831e-02,4.908475436218200094e-02,6.102060392735113997e-02,1.911749550106626727e-01,2.654410540585535050e-01,1.027199720947194056e-01,6.321180266527140490e-02,5.312943452168605168e-02,4.672866078436035964e-02
3.887430604172362192e-02,4.071537952188981208e-02,3.779494708296524813e-02,3.382360145579132310e-02,4.890934174906721305e-02,6.953094504751233806e-02,2.149978744688147425e-01,2.403667608010961187e-01,1.118171632297327855e-01,6.660893228800394972e-02,4.875921129360302059e-02,4.780153701979983349e-02
4.688378760540690832e-02,4.563123504166600314e-02,4.487721968813924989e-02,4.019522788118137097e-02,4.769457587966979134e-02,6.143717100535971837e-02,2.066339157880170141e-01,2.487257140525397925e-01,9.160310760774879879e-02,6.315810016517371672e-02,5.479651343300528943e-02,4.836343185209234646e-02
4.092907715760232823e-02,4.079034558849931741e-02,4.000039171266570048e-02,3.829154520853803034e-02,4.827205750341932722e-02,8.820716377180125300e-02,2.023408096047945581e-01,2.072208965650063628e-01,1.087508609517964936e-01,7.005291385259199144e-02,6.477784995446340954e-02,5.036608812882124170e-02
3.650363304484561394e-02,3.845923955106876624e-02,3.990448793301894226e-02,3.850828297442232540e-02,4.487166715454655314e-02,9.203611435087197257e-02,2.047333033964103266e-01,2.338099230171513943e-01,1.084610633533747287e-01,6.634808876246583997e-02,5.192319186860040736e-02,4.444100459322311569e-02
3.929637249995365789e-02,3.876037245052425806e-02,3.795868937947567689e-02,3.687278726204377965e-02,4.359981958269229518e-02,6.360791364683929250e-02,2.080498866213151832e-01,2.355527133650917315e-01,1.145665350608908450e-01,7.075355119341106280e-02,5.804401688013988841e-02,5.293734205762232192e-02
4.200471489459139951e-02,4.057229244836253745e-02,3.835665627585776311e-02,3.377186363234230271e-02,4.119027670082276577e-02,4.738443043969254448e-02,2.414653122186545264e-01,2.151599993755106410e-01,1.100896662624832878e-01,7.469543133999802242e-02,6.710268166134983336e-02,4.820667475033436206e-02
4.708380097058416369e-02,3.654718792882382522e-02,3.390177760316819000e-02,2.899032004962114398e-02,3.560159445071713058e-02,8.148539226932303980e-02,1.892616603495768934e-01,2.651252742502513415e-01,1.167852973722632720e-01,5.953298939246744886e-02,6.023993308800435625e-02,4.544477227519921891e-02
5.003832864872070907e-02,4.513416614159856954e-02,4.143937963137838548e-02,4.567854405096519882e-02,5.741203059308624262e-02,8.578634039966544222e-02,1.430618797385081464e-01,2.408308825746694470e-01,1.001131607724135286e-01,7.745561256798771943e-02,6.046403852227585224e-02,5.258563635873075848e-02
5.857972423422288383e-02,5.489711292074484633e-02,4.934219080367340665e-02,4.789395039576569563e-02,5.656939051882612507e-02,8.416397121922239433e-02,1.853047605902579942e-01,1.855127951239905759e-01,8.269172682665322516e-02,7.578057957620965013e-02,6.521882632516998179e-02,5.404497146526323487e-02
3.148060474966051653e-02,3.835108479025687439e-02,3.790032913667534809e-02,3.498175715326543034e-02,4.484168270770905879e-02,7.062122066898943173e-02,2.091194389084342353e-01,2.402796953005179315e-01,1.284653612707340464e-01,6.914279882406638988e-02,5.066890438026767224e-02,4.414712210942305787e-02
4.135006800373031144e-02,4.085923781989065501e-02,4.019740873329396419e-02,3.776067436900613222e-02,4.635495255572109896e-02,6.629057463547942397e-02,1.590083963627900165e-01,2.994032454958414080e-01,1.084798039212581666e-01,6.643465704428395957e-02,5.089750674099841055e-02,4.296347431770645986e-02
6.287598472985121700e-02,6.499417098618376354e-02,5.173283108665089475e-02,5.159144082017025346e-02,7.783400782715173272e-02,1.106712302820602456e-01,1.799337866714330325e-01,1.169831051970259966e-01,8.016561335364373597e-02,7.422722216145700991e-02,7.087387187907663588e-02,5.811673500529546815e-02
3.423415992568720756e-02,3.852521312885531790e-02,3.797729374959495086e-02,3.405937560757189148e-02,4.244705900836411722e-02,5.681668659993440590e-02,1.530933878503296375e-01,3.251459645443137148e-01,1.176102074041779355e-01,6.302251182739949942e-02,5.531432701163985222e-02,4.175381334213146278e-02
3.390973046605524899e-02,3.285918891188407964e-02,3.960016388448245328e-02,3.732749232229214120e-02,4.034604838794398490e-02,8.709339664597100239e-02,2.542450633301466811e-01,2.179961270034702914e-01,9.534189874880501236e-02,6.896630212874736710e-02,4.993224006975596069e-02,4.238234810044577694e-02
3.869984568724667978e-02,4.192910150705719124e-02,4.289809168696068209e-02,4.113512717462526613e-02,4.804398447054504528e-02,5.800067871999385616e-02,2.377803721861400377e-01,1.949975348377581685e-01,1.206456804167938407e-01,6.482416243178117099e-02,6.077318586469567657e-02,5.027223501640239872e-02
2.781118483644669931e-02,3.078028505200521361e-02,2.905673616526458988e-02,2.853584139060520372e-02,4.112157837244895947e-02,7.756276399023781520e-02,2.068105459743260210e-01,2.923843651901342766e-01,1.080917939156426227e-01,6.071181803000660210e-02,5.447486912518786917e-02,4.265821795769415142e-02
4.057956359662342333e-02,4.489848303059412737e-02,4.474875011910572215e-02,3.644343498966454153e-02,5.074195574517403190e-02,8.553055037540180372e-02,2.322357457185137974e-01,1.947402911818982563e-01,8.435796666595364590e-02,7.081977796748267773e-02,6.413624528195485675e-02,5.076723532763310898e-02
4.043081791558522653e-02,4.079763177044194028e-02,4.281411658335695924e-02,4.188022833666770611e-02,4.858003382618575339e-02,7.607521071968878501e-02,2.649526215293956932e-01,1.876104159272558580e-01,8.233880513856640937e-02,6.250111531239652130e-02,5.739942856349745937e-02,5.461957437696170897e-02
3.443535457348406714e-02,3.507995889003083512e-02,3.458499486125385380e-02,3.256073997944501641e-02,4.106228160328879995e-02,5.344131551901336319e-02,2.664863309352518139e-01,2.320887975334018638e-01,9.872641315519013749e-02,6.408221993833504437e-02,5.335087358684480890e-02,5.410071942446043058e-02
3.906891241423238181e-02,3.701452103171083696e-02,3.734509421335677204e-02,3.438606109959928270e-02,4.091044691881606105e-02,8.818079934207874448e-02,2.158707378232159191e-01,2.708055504043474504e-01,8.917251888701653584e-02,6.089480516339184496e-02,4.552718359711998425e-02,4.082336910511420724e-02
4.182968298658086559e-02,4.194322509627023549e-02,3.776910923328284653e-02,3.723218976542969766e-02,4.415633401394451069e-02,9.359526279225065248e-02,1.658195912099162672e-01,2.436921584739940583e-01,1.073588758176475255e-01,8.565693732667989391e-02,5.616677988803593646e-02,4.477985339596752407e-02
3.637233130318155011e-02,3.788211927324963701e-02,4.033002792374838080e-02,3.611764619658025532e-02,4.248110932770460951e-02,4.780384482897620524e-02,2.032368828008765671e-01,2.777771670221264588e-01,1.177139904575537077e-01,6.596710714364240058e-02,4.919087091312855653e-02,4.512690280923169206e-02
3.188428503117926582e-02,3.177330937564770003e-02,3.359135173244422179e-02,3.395039061798751923e-02,4.044083447164979750e-02,4.610222489869391510e-02,2.089769513355430597e-01,2.491403466683639323e-01,1.509611634165487493e-01,7.722273630062652383e-02,5.209164630752986108e-02,4.386475984378544746e-02
4.782817054105224785e-02,4.609196395603704782e-02,4.244671574134450259e-02,3.986008217520759650e-02,4.393741800155551852e-02,1.043589783877632848e-01,1.786800116270848282e-01,2.239215486020001700e-01,8.678676083557887444e-02,7.549356189458633626e-02,5.539952391801333809e-02,5.519526431977625491e-02
2.915149672833634853e-02,2.980709021554737298e-02,3.014329200386071592e-02,2.933360603033940972e-02,4.101381649265889440e-02,5.597619691338741321e-02,2.607567061750462600e-01,2.347823163462710305e-01,1.312966042218539631e-01,6.853053202532159716e-02,4.589154410477168378e-02,4.331679874260531415e-02
4.079456423539401522e-02,4.467983919141520210e-02,4.132444925692676380e-02,3.657687693667215773e-02,3.778475148886172030e-02,7.375110872681135687e-02,2.592766904895512092e-01,2.179028730629164468e-01,8.890220001020275598e-02,6.703868325217754442e-02,4.802700109761897512e-02,4.394096225145183859e-02
3.386382550266615887e-02,3.494115074187199160e-02,3.263679021659521284e-02,3.083293092642631905e-02,3.873086977133991665e-02,6.502993467064523136e-02,1.841360189163047389e-01,3.030527639850466026e-01,1.219711235739017186e-01,6.224121811139308319e-02,4.908728242506792128e-02,4.347609115874108421e-02
4.162990909693189273e-02,4.211981631094637718e-02,4.245281374111280204e-02,4.004512028006652902e-02,4.429388853826331934e-02,6.569115272900982738e-02,1.582522342209777833e-01,2.961218875200931633e-01,1.060622966710717680e-01,6.305855524444800575e-02,5.296402581688976902e-02,4.730829983018874224e-02
3.734521137061942719e-02,3.995324458588182109e-02,3.783337302813939707e-02,3.465272112118401859e-02,4.168461378642843163e-02,5.359305560482215819e-02,1.969706950982826610e-01,2.586429105920944882e-01,1.265200154725286685e-01,7.306040198169984345e-02,5.142250982657592395e-02,4.832124753174317500e-02
2.945588968159065443e-02,2.932577266735975768e-02,2.890289237110933718e-02,2.888988066968624716e-02,3.138682617277718107e-02,6.227530418105001880e-02,2.020144716143227603e-01,3.198120069378391772e-01,1.029915202741825686e-01,7.053383107428511101e-02,5.335057817495273552e-02,4.106102618084443018e-02
4.559759435393268001e-02,5.026153399941992589e-02,4.726281083207483497e-02,3.893172779127953426e-02,4.581095542420514366e-02,6.061454655771916777e-02,1.599941325705674933e-01,3.004407239607815860e-01,9.531572437750240878e-02,6.753044562459786793e-02,4.777787779077946606e-02,4.046192671713989830e-02
5.074936697310491324e-02,5.081780231311449486e-02,5.773889636608344617e-02,5.004904532700686637e-02,5.530031708374204269e-02,9.451148573123160923e-02,2.251454250975203630e-01,1.335857836987019986e-01,8.704290895818600493e-02,7.053630494787507810e-02,6.467595866505462809e-02,5.984670483837854077e-02
4.189094798193451763e-02,4.474088383246937334e-02,4.396570128112389092e-02,4.019964059718073718e-02,4.749547637454996918e-02,6.527907608188746047e-02,2.311246157768303278e-01,2.250433708419435908e-01,8.944238673318589961e-02,7.196761643801545538e-02,5.382751566428377321e-02,4.502276839659499763e-02
3.819656421470143254e-02,4.224247335101915385e-02,4.061448979365308437e-02,3.882185789923521535e-02,4.666022873168981094e-02,7.652817706541163723e-02,2.471741535410492407e-01,2.308980179300189062e-01,8.939479711254916250e-02,6.451624838589130329e-02,4.487684674384788408e-02,4.007614523093316894e-02
2.473751942588822347e-02,2.625223181540068881e-02,2.730895242729678568e-02,2.491403709017786516e-02,2.928881271595087585e-02,3.886966675134743976e-02,1.236386969656852047e-01,3.101952070683397511e-01,2.283756916093282463e-01,6.978411174045223708e-02,5.202619617553012193e-02,4.460887621460254276e-02
4.645865369167565678e-02,4.228156342521401795e-02,3.736717082463106299e-02,3.532309334190172206e-02,4.046986527736338296e-02,5.965263592756649830e-02,2.637907094168139288e-01,2.412986849050974270e-01,8.756110715843107295e-02,5.880201280668334585e-02,4.800498037685616698e-02,3.898952284776571742e-02
4.571580500252028084e-02,4.711165106802533975e-02,4.604814930383100552e-02,4.283733408172346602e-02,5.288336376745499806e-02,6.954489140649953993e-02,1.729501280448738632e-01,2.461028014778243178e-01,1.006633961525607995e-01,7.332992372698285410e-02,4.907802151744715402e-02,5.373453445025636738e-02
4.459626384903365298e-02,4.133710875886053432e-02,4.150244199084016095e-02,4.247163679899659816e-02,5.553676288934075722e-02,9.725394804355674827e-02,1.846221090439178203e-01,2.366355637483134045e-01,9.414682351152581230e-02,5.851466144695083998e-02,5.694114517017920263e-02,4.644153474848444763e-02
4.809418408072921314e-02,4.736000488000418479e-02,4.488732418913501943e-02,3.998771284661101211e-02,5.479547553897903128e-02,6.442259093364936795e-02,1.994396709482893770e-01,2.035462816110985285e-01,8.640221691618592270e-02,6.531144883838471693e-02,6.957927392509193065e-02,7.617381529184168165e-02
3.959142151265389320e-02,3.496723206067778311e-02,3.122884962733821906e-02,3.441637082096317413e-02,3.900595843627379516e-02,1.077321264212704466e-01,2.182711538328454548e-01,2.329395644320800540e-01,1.160877779392530118e-01,5.813662189189001961e-02,4.305852554653601116e-02,4.456439747821814429e-02
5.794482887683855693e-02,5.302790637573575466e-02,5.264025593840368500e-02,5.215235107762365707e-02,6.324049031096694307e-02,8.330919800916994356e-02,2.467528706183247378e-01,1.259396067353149573e-01,7.949952991814783487e-02,7.191138400117631779e-02,6.545499913112833024e-02,4.812657900716930254e-02
3.913719219460436854e-02,3.519377122554275678e-02,3.601383840006575771e-02,3.832086108921359258e-02,4.363355139523501791e-02,5.944646399736980974e-02,2.140207202394072972e-01,2.573908787608205628e-01,1.039972203645656290e-01,6.915650767201796112e-02,5.334359506988317623e-02,5.034539959127403569e-02
3.473468496871513767e-02,3.628983363243924731e-02,3.664451666100790317e-02,3.214125478973662436e-02,3.508178930009215463e-02,5.267042974244555420e-02,1.730731920259979684e-01,2.861155235970315736e-01,1.255941698598244116e-01,7.351790997720328291e-02,5.828169714313430338e-02,5.585499830237183189e-02
6.178608996251176017e-02,6.031714403547713127e-02,5.475646544733342447e-02,5.284729913207075053e-02,6.508310897539863749e-02,9.400558848198108108e-02,2.344335753773152120e-01,1.302473111802076866e-01,8.036802424455864735e-02,6.147561874134040150e-02,5.436490099675164028e-02,5.031487342505363419e-02
3.381522944008664988e-02,3.889438902004586224e-02,4.243774274617317932e-02,4.072635578233019249e-02,4.877981705717597538e-02,6.405960449826111902e-02,1.885825738921466654e-01,2.641543759889659060e-01,1.019893551307761992e-01,7.046302642601477706e-02,5.783176368051853866e-02,4.826576633750497003e-02
3.022138163653130885e-02,3.279667792193260989e-02,3.594947582704548228e-02,3.391378261756218537e-02,3.993423700305534507e-02,4.944316211011873241e-02,1.592027590139881710e-01,3.434672836308970689e-01,1.058813125889939005e-01,7.436777107835794431e-02,4.629577828269065137e-02,4.852637828882660348e-02
3.513882277157110573e-02,4.154861407287199770e-02,4.209544607510887909e-02,3.727659966057483149e-02,4.097523682780809112e-02,1.015461719105319183e-01,2.729293383332773160e-01,1.695338478391287540e-01,9.128024166789069915e-02,6.300778837424544920e-02,5.248525411760958381e-02,5.218263834938140916e-02
3.624341769083871956e-02,3.463170716269476507e-02,3.635920149314791211e-02,3.296596419347318924e-02,3.804501365476975483e-02,4.620082468942924431e-02,2.457349106689370455e-01,2.672104903212459970e-01,1.083319567925725424e-01,5.963483332535711445e-02,4.899507378515775141e-02,4.564660622237591558e-02
3.986001151406865645e-02,4.053611009583030916e-02,3.782544107196920274e-02,3.562145381587843163e-02,4.173457718739852912e-02,7.859998964675025956e-02,1.743314702712708275e-01,2.784537892109725798e-01,1.112833166792422113e-01,6.121123609958570994e-02,5.453182134055760411e-02,4.601078306647570643e-02
4.403727346854821589e-02,5.045765413688486911e-02,4.530812685026702757e-02,4.629799675307980089e-02,5.438040388161229088e-02,7.127246949584585545e-02,1.865234446738020524e-01,2.539025483181394094e-01,7.969462788972224432e-02,5.775587861513711146e-02,5.684865091200258513e-02,5.352092500495853056e-02
3.700391018286543904e-02,4.086258165726193436e-02,3.700078828037806078e-02,3.413332084572338193e-02,3.967157585832806199e-02,5.076525634721799213e-02,2.251656559507363708e-01,2.675173850944765896e-01,1.155025872766864137e-01,6.122362967992694971e-02,4.691282867779624638e-02,4.424048014860255951e-02
3.798995770101906699e-02,3.733882373886066725e-02,4.249514534299099477e-02,3.427272457527932858e-02,4.634919902280452281e-02,6.589970229166185189e-02,2.747636960671508422e-01,2.202992249033189631e-01,8.822782765225820056e-02,5.616566166749638322e-02,4.830260090927972899e-02,4.789543612787941496e-02
3.433618607719207683e-02,4.089549340447469483e-02,3.540268999412806566e-02,3.575099907682681433e-02,4.014493356697783344e-02,4.822385485683109568e-02,1.421193528848776755e-01,2.987721334239553661e-01,1.736182070096432273e-01,6.467298246587419031e-02,4.451729138828910970e-02,4.154587585092987811e-02
4.205087265722844136e-02,4.221932516460739915e-02,3.836872056658634927e-02,4.175608076931527912e-02,4.537964068347773855e-02,6.580084519214571270e-02,2.809201901316126793e-01,2.171554230721342849e-01,7.696448581703127512e-02,5.662567655653778786e-02,4.838432073357405022e-02,4.437441865574898864e-02
5.493981015007689400e-02,5.307312934188895132e-02,6.347775361934560046e-02,6.506513938236906103e-02,8.846582171077053969e-02,9.808205617719326086e-02,1.459440349295575423e-01,1.371197256544872678e-01,8.221173392727722240e-02,7.504551802160117080e-02,7.049901893196160174e-02,6.607625815347085985e-02
2.332548791320188455e-02,2.385409191352975272e-02,2.806452314398938733e-02,2.698891437117034026e-02,4.834050127048968026e-02,6.411498140685613356e-02,1.737551459432152279e-01,3.270620156205827911e-01,1.421810937084414250e-01,5.848601792235208485e-02,4.717790702926224350e-02,3.664931975690906979e-02
3.008055420507355776e-02,3.273404671521853992e-02,2.753837415062867014e-02,2.374883981319150794e-02,5.059314806357250588e-02,7.297841029443781491e-02,2.034660734367557122e-01,2.873154545886104638e-01,1.327728423799257873e-01,5.609001903770381714e-02,4.121671061871719222e-02,4.146552669616446890e-02
3.354411147113352254e-02,3.233031620135002476e-02,3.296708924724207207e-02,5.693058320216605461e-02,5.254658003366532298e-02,6.432602779949672667e-02,2.050989644328964079e-01,2.716647944742439647e-01,1.033791650590850236e-01,5.778587353994598524e-02,4.498724746741872976e-02,4.443924707135613744e-02
4.213896122794077298e-02,5.025013422448355166e-02,5.216941889579664038e-02,4.911110776595264266e-02,5.446754276366957276e-02,9.453919605806526683e-02,1.535628446558584548e-01,1.938502606714736509e-01,1.010647639405297671e-01,5.705418654945231677e-02,6.270917694048461222e-02,8.908240630629274404e-02
2.784701359846942711e-02,3.008043870390543495e-02,3.063396769257257374e-02,4.923511626522406037e-02,5.193517918087364044e-02,5.469638774062017539e-02,1.772129493601430072e-01,2.441899569888666688e-01,1.502316293544146419e-01,7.449309456495678550e-02,5.880762775819150384e-02,5.063663879176207028e-02
3.061777056766050442e-02,2.212607891596971715e-02,2.482003403488177926e-02,2.681807912939726188e-02,5.047447894730269780e-02,4.259809436449110698e-02,1.446221367502931732e-01,3.100069136901281719e-01,1.735279459528801804e-01,7.639003202548415306e-02,4.707439652794254831e-02,5.092403909356867792e-02
2.460381696402388213e-02,2.432229533964410870e-02,1.862441496287433468e-02,2.253150500678388971e-02,4.487337391936751380e-02,6.016644966041453935e-02,2.152017767142516413e-01,2.787337782939007802e-01,1.376679843442696616e-01,7.434516897162496418e-02,4.917830875884153519e-02,4.975112706400315610e-02
3.200318237835982765e-02,5.436451603557667517e-02,3.511870404995531825e-02,2.951165646359318884e-02,4.311253540618780605e-02,9.688314119463987961e-02,2.385914632923353262e-01,2.131101508509742060e-01,9.953623743929969347e-02,6.054207402818232581e-02,4.326184867657185962e-02,5.396449018432388639e-02
2.620812622888755994e-02,3.798590672056470496e-02,3.550553839014203295e-02,3.060342195571730262e-02,4.788173369319639189e-02,7.655923696005276224e-02,2.040936458117069419e-01,2.741350463466165066e-01,1.162890954166310442e-01,5.489173576932940973e-02,4.567859018355458628e-02,5.016792252360074977e-02
6.024100646904655132e-02,5.623720073143730069e-02,4.757879397731412663e-02,4.706240207122671521e-02,5.784473580894914507e-02,1.077472933636566266e-01,2.134856099967814003e-01,1.456967930647859732e-01,8.593150379689527829e-02,7.518807629867259312e-02,5.060110140027093001e-02,5.238548302096338732e-02
3.745740152988840527e-02,3.811923183805999288e-02,3.731845373038276265e-02,3.572055403606792107e-02,4.667549107077562098e-02,1.028725629287270960e-01,2.191700428544265944e-01,2.216711032455280783e-01,8.929407204809056142e-02,6.155570344151760354e-02,5.495568296499978023e-02,5.518970031153559025e-02
4.919034777257878799e-02,5.191396748175649417e-02,5.627506287658843448e-02,4.897766177557703882e-02,6.922206482999575250e-02,1.106132377416464002e-01,1.866288650001445559e-01,1.639685142127933759e-01,9.019538202947868788e-02,7.738672921975213448e-02,4.649770175228482710e-02,4.913046530740353829e-02
4.836028983387263142e-02,4.353308802203262329e-02,4.968940966398741055e-02,4.715727245443288029e-02,6.409283158008892423e-02,8.856427315808455825e-02,1.574464758148109989e-01,2.233022196553367811e-01,9.677858679505577100e-02,6.264517544633962931e-02,5.827698655495670843e-02,6.015339102100110413e-02
3.455143816755010255e-02,3.636804991802365661e-02,4.378571542269550643e-02,4.185568979513872023e-02,4.836206484886108881e-02,6.262435732136319155e-02,2.136856724448052414e-01,2.617632077423873160e-01,9.850691625678494046e-02,7.213520525922034743e-02,4.041712430160928488e-02,4.594455852156057590e-02
5.253232261753260079e-02,4.775309393386082540e-02,5.255768273114590911e-02,4.550987661151994351e-02,5.944180084472232978e-02,1.019130747523930708e-01,2.324623287039598585e-01,1.463209391541710480e-01,1.004744646710562656e-01,6.452073996200594075e-02,4.719517143436802870e-02,4.931850458326417219e-02
3.091919704497445021e-02,2.839078560723178740e-02,3.173495639449119138e-02,3.004443159422684473e-02,3.931133979253454563e-02,5.477388862008331777e-02,2.339208374145886615e-01,2.890487626420571998e-01,1.174000141614642972e-01,5.988529213920719407e-02,4.675938492040077055e-02,3.781110966873974660e-02
6.023095880536533803e-02,5.747912993502761470e-02,5.632725820434642677e-02,5.456901002347577800e-02,6.688161778314614947e-02,9.442182370761452448e-02,2.069935417255184540e-01,1.531283180237485164e-01,8.386502888202690409e-02,5.904742886644132743e-02,5.675586163901849557e-02,5.030002240427045024e-02
2.568673259581485610e-02,2.557837763553619942e-02,2.473796599239929533e-02,2.609636720174636493e-02,3.020989148647148723e-02,3.916503253291612335e-02,1.305849053611920219e-01,3.238941187041803893e-01,2.212859355261558303e-01,6.379464356503676548e-02,4.363797814929727681e-02,4.532805124925341073e-02
4.075597210620205552e-02,3.779401550131421261e-02,3.549146142571700524e-02,3.975845366282040882e-02,4.778143942523354476e-02,8.555250588260493450e-02,2.399077754420750885e-01,2.296541426084189319e-01,9.581225846131249946e-02,5.658928249049144377e-02,4.850968908635266280e-02,4.239300390745721209e-02
3.407830941296915300e-02,3.496558429433316295e-02,3.551031183398043606e-02,3.156457854443135008e-02,4.200068251913951362e-02,5.768316946435125131e-02,2.091727996806325429e-01,2.746714571783628323e-01,9.720617872987051544e-02,6.015697940208748068e-02,6.337898484936287102e-02,5.961096409047885597e-02
4.608589661594146569e-02,4.328026690010599448e-02,4.156792277020367188e-02,3.605407213634155561e-02,4.753933841482561873e-02,7.099947835025384457e-02,2.304102576590871532e-01,2.202348833721900490e-01,1.135837850239100194e-01,6.261975834927975548e-02,4.339561942382696297e-02,4.422872098403392987e-02
4.837129913221031169e-02,4.604389994895354693e-02,4.542815211842776701e-02,4.401161306789178052e-02,5.229070954568657698e-02,7.139324910668708168e-02,1.870916283818274684e-01,2.505327973455844792e-01,9.843829760081673763e-02,6.452909647779479785e-02,4.930289688616640992e-02,4.256636038795303528e-02
5.028210677528801437e-02,5.057130166050788356e-02,5.261078715823496593e-02,4.862821445785409785e-02,5.282248537486650825e-02,8.702686866204836780e-02,2.516921681110659836e-01,1.593917456597140070e-01,7.709217378155390488e-02,6.158338925064502090e-02,5.741180028541455899e-02,5.088695882280670074e-02
4.341419029224654474e-02,4.227350372378359949e-02,4.073745481235422489e-02,4.085284764929657947e-02,5.310718859540433656e-02,9.028827400691222249e-02,2.739085445558226972e-01,1.757395072915031164e-01,7.968348312332466932e-02,6.018587705176976776e-02,4.901168872687650807e-02,5.079744017070573353e-02
5.912361058779200956e-02,5.848483421250941922e-02,6.601179822908817552e-02,6.203490015071590202e-02,7.402741145440844273e-02,1.205403400527505636e-01,1.832728899773926057e-01,1.193363790504898270e-01,7.551102110022607505e-02,6.593820648078371760e-02,5.428716088922381361e-02,6.143144781461944148e-02
3.499317578322064248e-02,3.551330233431231748e-02,3.637757276883307744e-02,3.598845553700133482e-02,4.462529379328684931e-02,7.215484910463929036e-02,2.453081065438177388e-01,2.536301313612845942e-01,8.418619748383893153e-02,5.871563938413888045e-02,5.187969042693395261e-02,4.662758547869241127e-02
4.836601604838195595e-02,4.885329665825690476e-02,4.728671226763090513e-02,4.529888062080460187e-02,6.168426038089860203e-02,1.017619520370151159e-01,2.220200741395171040e-01,1.648989461987558358e-01,8.703879117976555391e-02,5.832794440447022777e-02,5.113258586612989820e-02,6.333054019837330850e-02
3.954950235725510771e-02,3.871136720796228281e-02,3.939911117119248435e-02,3.661602933473022403e-02,4.318930701769208708e-02,7.435407830480407487e-02,2.130384088950472432e-01,2.570844387367140493e-01,1.026495885364740873e-01,6.118217610976867116e-02,4.549079910103245861e-02,4.873519322732726422e-02
4.057212141010620166e-02,4.170763195009407481e-02,3.850841345776308960e-02,3.386899694998413840e-02,4.577065514089440068e-02,1.119789294475733304e-01,2.780822907472381700e-01,1.817413674499542831e-01,7.887479229423387250e-02,5.464742633316475862e-02,4.340540082108562681e-02,5.084197399790801875e-02
4.637376185010415319e-02,4.373804361688560238e-02,4.248820303532712533e-02,4.880117331972962796e-02,7.264804659269651077e-02,1.096671342940951366e-01,2.284955150278450975e-01,1.515495472516260600e-01,7.541980189601665829e-02,6.585894656293840577e-02,5.424053054457339540e-02,6.071929600816222683e-02
3.454149517512621753e-02,3.583989360696344939e-02,3.357557498250943878e-02,3.439180118116439561e-02,3.854383985578953287e-02,5.557113773738316109e-02,1.998446333915301631e-01,2.977145666437661098e-01,1.249897577793605136e-01,6.049370654934859565e-02,4.473644402705206913e-02,3.975714907000636733e-02
3.684343095659455697e-02,3.759253383229908818e-02,3.923957880136997450e-02,3.533050484299916222e-02,4.186143886633583722e-02,6.872282866479773045e-02,2.791683976722200700e-01,2.187282261309327069e-01,1.009898625772410047e-01,5.247318440688389374e-02,4.598804706590469554e-02,4.306196618242127266e-02
4.399749053832420487e-02,4.501021097721937675e-02,4.395095007697791961e-02,4.103379395979276506e-02,4.852494661809083482e-02,8.130060111659874467e-02,1.913836851481941492e-01,2.512570578609631400e-01,9.136637209657332004e-02,6.844612569275476677e-02,4.757365958817276475e-02,4.615510632633799265e-02
2.418382978723404228e-02,2.589617021276595724e-02,2.538780141843971494e-02,2.246014184397163160e-02,2.913248226950354569e-02,4.126978723404255145e-02,1.167466666666666653e-01,3.539086524822694924e-01,2.011790070921985751e-01,6.840510638297872537e-02,4.760170212765957309e-02,4.382865248226950478e-02
7.458183042140417718e-02,7.092709872549884942e-02,6.922267127228108607e-02,6.300413693666166715e-02,8.299654578918094772e-02,1.256764595652039018e-01,1.626916585702384010e-01,9.537632278132004982e-02,7.960440095581618192e-02,6.334788701126020660e-02,5.200413454950836289e-02,6.056685342162617530e-02
4.105297035326190003e-02,4.518950437317784119e-02,4.789197682783688514e-02,4.613844610200295432e-02,5.344837378365074887e-02,6.716188330619816960e-02,2.366485555261065576e-01,1.888512362273295220e-01,8.548284805573434786e-02,6.310344174775661674e-02,5.984248987164438732e-02,6.518827382530006931e-02
